{"mesas":[{"posicion":{"x":-235.7972412109375,"y":98.5880126953125},"tamano":{"x":1.0,"y":1.0},"numeroSillas":0,"sillas":[]},{"posicion":{"x":-193.4927978515625,"y":43.5618896484375},"tamano":{"x":1.0,"y":1.0},"numeroSillas":0,"sillas":[]}]}