{"mesas":[{"posicion":{"x":-383.225830078125,"y":318.01666259765627},"tamano":{"x":1.0,"y":1.0},"numeroSillas":0,"sillas":[]},{"posicion":{"x":-342.63568115234377,"y":256.13336181640627},"tamano":{"x":1.0,"y":1.0},"numeroSillas":0,"sillas":[]}]}