{"mesas":[{"posicion":{"x":-304.36871337890627,"y":127.73086547851563},"tamano":{"x":1.0,"y":1.0},"numeroSillas":0,"sillas":[]},{"posicion":{"x":-402.6357421875,"y":-88.4381103515625},"tamano":{"x":1.0,"y":1.0},"numeroSillas":0,"sillas":[]}]}